Address,Total_Gas,Total_Tx,Use_Chains,Wallet_Age
0xd8add96a6624bf2389641e1f8352396a8c6d56da,4.249384535151869754,171,1,1
0xd8add96a6624bf2389641e1f8352396a8c6d56da,4.249384535151869754,171,1,1
0x122f61e45cbf6b2a33b92e8f409e36a491e78b78,3.220637994455807037,193,1,1
0xd8add96a6624bf2389641e1f8352396a8c6d56da,4.249384535151869754,171,1,1
0xb6427efc593a44bbb612e1ed903522d63256d491,2.806966943031397774,178,1,1
0x384a66996d0f4627daa38bd39f7b017e3c70b619,6.870346859428307537,185,1,1
0xfef1981c7ec5845d73ddbe0a589f796d0dedf3bd,4.345331692926372718,188,1,1
