Address,Total_Gas,Total_Tx,Use_Chains,Wallet_Age
0x7095b03f612b12aa5c0dd7069fe30d91a99648c9,8.849080834191506664,143,1,1
0x8dd696dadcce688e754f1b274e9b659c31ed37f2,8.380004231946798106,175,1,1
0x929cc7dcc10b498be8b6cf4820baa111bddb34f1,8.233342015755771533,166,1,1
0x11dc7e664541bd4f5a5970f804c51fa69314e734,8.891612701618584095,192,1,1
0x9e82c341740508f1ae48116776e97435e7f6c8da,5.46615496442013117,158,1,1
0x929cc7dcc10b498be8b6cf4820baa111bddb34f1,8.233342015755771533,166,1,1
0x62b0d98601cd44cd2194362f2fd88535774ab779,7.386385292868518127,172,1,1
0xea41270189a83978c8fae70eccb84a8fe3dd3b59,8.101932833101363273,187,1,1
0x5bac807ad3d6c276a0ae74c665ea4b54b6c359da,7.116482130795353054,185,1,1
0xf4d12e92d21884c3f9f17bb92dfed9de18c257e1,4.518268962302755119,179,1,1
0x9e82c341740508f1ae48116776e97435e7f6c8da,5.46615496442013117,158,1,1
0x3a3ce1a0f6f430c5b47b1090392d0a4c267b2e91,7.886160820391347536,190,1,1
0x736f973919d750975d89a9728ea30cf6a516bc92,7.836098508341262001,198,1,1
