Address,Total_Gas,Total_Tx,Use_Chains,Wallet_Age
0xf87425810a89e598055884c1a76c13e05f78f3ed,9.191775786785493696,158,1,1
0x62b0d98601cd44cd2194362f2fd88535774ab779,7.386385292868518127,172,1,1
0x625e7a98673c5ba8a7c653df6eef35b146e804c2,7.527689149612641206,176,1,1
0x3ba3f9fcc46883c3d19ab558dee4a9b2f99d543e,8.654303305337384782,163,1,1
0x7326e2f92892857f1b885f350d9618dc91627d8d,7.522850208794496212,188,1,1
0x8d6c578b04bbd1b7b797e519177fc9dcbd36d9fa,9.518305161838598806,187,1,1
0x33c36c09ec44163266da19542002f7afe4a4dc99,9.947040040116470975,193,1,1
0x476592d59550f2bb66d4971034970042b1f1a980,4.586683267476042186,160,1,1
0x54d97b623d4bbcf17675e7fc517f910d4a8cf99c,7.683294614690130842,167,1,1
0x9736a24ec415263fe82f196e94577250ea584272,3.75605195154644304,189,1,1
0x3c870c531fccc81ced4bfef56307425b2bc05984,5.911128366998426767,186,1,1
0x1d80e2b8bbb6ddfdb1622b91d2bf3020aea767fa,4.185043672774607686,190,1,1
